All ingredients in cryoprotective solution,DMSO_Numeric,Cooling_Rate_Numeric,Viability_Numeric,Protective protein type,Non-reducing sugar type,PEG weight
MSCs: 300 mM Ethylene glycol + 1 mM Taurine + 1% Ectoine (SEGA 10°C).,0.1,1.0,0.96,,,
1) 0.25 M trehalose in DMEM/Ham F-12,0.0,,0.125,,,
2) 5% DMSO in DMEM/Ham F-12,0.05,,0.71,,,
3) 10% DMSO in DMEM/Ham F-12,0.1,,0.82,,,
4) 5% DMSO + 20% FBS in DMEM/Ham F-12,0.05,,0.82,,,
5) 10% DMSO + 20% FBS in DMEM/Ham F-12,0.1,,0.84,,,
6) 10% DMSO + 90% FBS in DMEM/Ham F-12,0.1,,0.82,,,
"Dulbecco's modified eagle medium, supplemented with 10% fetal calf serum, 5% DMSO",0.05,3.0,0.6625,,,
"10 µM S1P+0.05 M glucose, 0.05 M sucrose,and 1.5 M ethylene glycol(cocktail solution)((S1P→C ))",0.0,,0.914,,,
10% DMSO and 10% FBS,0.1,,0.857,,,
"0.05 M glucose, 0.05 M sucrose,and 1.5 M ethylene glycol(cocktail solution)",0.0,,0.84,,,
1) STD10: 10% Me2SO (DMSO) + 4% human albumin (HA) in saline,0.1,1.0,0.9520000000000001,,,
2) CS2: 2% Me2SO + Dextran-40 in saline (CryoStor),0.02,1.0,0.898,,,
3) CS10: 10% Me2SO + Dextran-40 in saline (CryoStor),0.1,1.0,0.958,,,
4) PIM1: 1% Me2SO + 10% pentaisomaltose + 4% HA in saline,0.01,1.0,0.1,,,
5) PIM2: 2% Me2SO + 10% pentaisomaltose + 4% HA in saline,0.02,1.0,0.9570000000000001,,,
"10 %DMSO, glucose and high polymer anhydrous dextrose (STEM-CELLBANKERTM )(CB) + xeno-free serum culture medium",0.1,,0.904,,,
2.5%DMSO+30mmol/Ltrehalose,0.025,1.0,0.9418000000000001,,,
10%ethyleneglycol(EG)+ 2.0% DMSO ,0.02,1.0,0.9235,,,
10% DMSO+ 2.0% dextran-40,0.1,1.0,0.8943000000000001,,,
"7.5% DMSO, 5% Human albumin, autologous plasma in 0.9% NaCL",0.08,2.0,1.0,,,
"1% HAS, 3.5% DMSO, 2.5% HES",0.035,,0.68,,,
"5% DMSO, 6% HES",0.05,,0.8225,,,
10% DMSO,0.1,,0.98,,,
"5% DMSO, 6% HES",0.05,,0.8,,,
10% DMSO,0.1,,0.9,,,
5% DMSO,0.05,,0.847,,,
5% DMSO,0.05,,0.78,,,
10%  DMSO solution was diluted with ADMEM supplemented with 10%  FBS,0.1,2.0,0.812,,,
"10%  PVP with an average molecular weight of 40,000 was prepared in ADMEM containing 10% FBS",0.0,2.0,0.6286999999999999,,,
"ADMEM containing 10%  FBS by dissolving 0.05 M glucose, 0.05 M sucrose and 1.5 M ethylene glycol",0.0,2.0,0.7,,,
10%PVP,0.0,2.0,0.068,,,
"ADMEM containing  0.05 M glucose, 0.05 M sucrose and 1.5 M ethylene glycol and 0% FBS",0.0,2.0,0.4,,,
10%  DMSO solution was diluted with ADMEM ,0.1,2.0,0.58,,,
10% HES450,0.0,100.0,0.1,,,
"1% DMSO, 9% HES450",0.01,100.0,0.17,,,
"2% DMSO, 8% HES450",0.02,100.0,0.2,,,
"3% DMSO, 7% HES450",0.03,100.0,0.22,,,
"4% DMSO, 6% HES450",0.04,100.0,0.5,,,
"5% DMSO,5% HES450",0.05,100.0,0.8,,,
"6% DMSO, 4% HES450",0.06,100.0,0.7,,,
"7% DMSO, 3% HES450",0.07,100.0,1.0,,,
"8% DMSO, 2% HES450",0.08,100.0,1.0,,,
"9% DMSO, 1% HES450",0.09,100.0,0.8,,,
10% DMSO,0.1,100.0,0.9,,,
a-MEM+200mM sucrose (culture medium with 10% PL),0.0,,0.58,,,
a-MEM+200mM sucrose (culture medium with 10% FS),0.0,,0.45,,,
"30% FBS, 5% DMSO, 65% ⍺-MEM",0.05,1.0,0.8507,,,
100% 4.5% HAS,0.0,1.0,0.0516,,,
"0.5% DMSO, 99.5% HAS",0.005,1.0,0.22,,,
"1% DMSO, 99% HAS",0.01,1.0,0.28,,,
"2% DMSO, 98% HAS",0.02,1.0,0.65,,,
"4% DMSO, 96% HAS",0.04,1.0,0.68,,,
"5% DMSO, 95% HAS",0.05,1.0,0.8565,,,
"10% DMSO, 90% HAS",0.1,1.0,0.885,,,
"15% DMSO, 85% HAS",0.15,1.0,0.706,,,
"20% DMSO, 80% HAS",0.2,1.0,0.641,,,
0.3M Trehalose in phosphate buffer saline (PBS),0.0,1.0,0.47,Adipose Derived Stem Cell (ADSC),,
0.6M Trehalose in PBS,0.0,1.0,0.56,,,
1.0M Trehalose in PBS,0.0,1.0,0.65,,,
1.25M Trehalose in PBS,0.0,1.0,0.58,,,
10% Glycerol in PBS,0.0,1.0,0.54,,,
20% Glycerol in PBS,0.0,1.0,0.63,,,
30% Glycerol in PBS,0.0,1.0,0.5,,,
1.0M Trehalose + 20% Glycerol in PBS,0.0,1.0,0.77,,,
10% DMSO + 90% FBS,0.1,1.0,0.75,,,
10% DMSO,0.1,100.0,0.8,Human Embryonic stem cells ,,
10% DMSO + 10 uM ROCK inhibitor,0.1,100.0,0.82,,,
7.5% DMSO,0.075,100.0,0.84,,,
7.5% DMSO + 10 uM ROCK inhibitor,0.075,100.0,0.76,,,
7.5% DMSO + 2.5% PEG ,0.075,100.0,0.87,,,
7.5% DMSO + 2.5% PEG  + 10 uM ROCK inhibitor,0.075,100.0,0.85,,,
10% PROH ,0.0,100.0,0.56,,,
7.5% PROH + 2.5% PEG ,0.0,100.0,0.74,,,
10% DMSO + 30% FBS,0.1,1.0,0.92,Human bone marrow-derived mesenchymal stromal (stem) cells (hBM-MSC) ,,
2.5% DMSO + 30% FBS,0.025,1.0,0.47,,,
2.5% DMSO + 30% FBS + 20 mg/ml polyampholyte ,0.025,1.0,0.76,,,
⍺-MEM 20% FBS + 5% DMSO,0.05,,0.87,Human Amniotic Fluid stem cells ,,
⍺-MEM 20% FBS + 10% DMSO,0.1,,0.95,,,
⍺-MEM 20% FBS + 5% Glycerol,0.0,,0.78,,,
⍺-MEM 20% FBS + 10% Glycerol,0.0,,0.83,,,
⍺-MEM 20% FBS + 30 mM Sucrose,0.0,,0.21,,,
⍺-MEM 20% FBS + 60 mM Sucrose,0.0,,0.28,,,
⍺-MEM 20% FBS + 60 mM Trehalose,0.0,,0.36,,,
⍺-MEM 20% FBS + 100 mM Trehalose ,0.0,,0.38,,,
10% DMSO in A-DMEM + 10% FBS ,0.1,1.0,0.297,Human dental follicle stem cells,,
"0.05 M glucose, 0.05 M sucrose, 1.5M ethylene glycol in PBS",0.0,1.0,0.327,,,
10% DMSO in A-DMEM + 10% FBS ,0.1,2.0,0.353,,,
"0.05 M glucose, 0.05 M sucrose, 1.5M ethylene glycol in PBS",0.0,2.0,0.793,,,
10% DMEM + 80% HS + 10% DMSO ,0.1,1.0,0.825,Adipose tissue derived stem cells ,,
10% DMEM + 80% FCS + 10% DMSO ,0.1,1.0,0.841,,,
1% PVP + 99% DMEM ,0.0,1.0,0.057,,,
5% PVP + 95% DMEM,0.0,1.0,0.493,,,
10% PVP + 90% DMEM,0.0,1.0,0.697,,,
20% PVP + 80% DMEM,0.0,1.0,0.555,,,
40% PVP + 60% DMEM ,0.0,1.0,0.046,,,
5% PVP + 85% DMEM + 10% HS,0.0,1.0,0.532,,,
10% PVP + 80% DMEM + 10% HS,0.0,1.0,0.721,,,
20% PVP + 70% DMEM + 10% HS ,0.0,1.0,0.618,,,
5% PVP + 85% DMEM + 10% FCS,0.0,1.0,0.554,,,
10% PVP + 80% DMEM + 10% FCS,0.0,1.0,0.692,,,
20% PVP + 70% DMEM + 10% FCS,0.0,1.0,0.643,,,
10% PVP + 50% DMEM + 40% FCS,0.0,1.0,0.705,,,
10% PVP + 10% DMEM + 80% FCS ,0.0,1.0,0.725,,,
0.5M Trehalose in PBS,0.0,1.0,0.6,hESCs,,
0.5M Trehalose in PBS + 2.5% ethylene glycol,0.0,1.0,0.56,,,
0.5M Trehalose in PBS + 10% ethylene glycol,0.0,1.0,1.3,,,
0.5M Trehalose in PBS + 10% Glycerol,0.0,1.0,1.32,,,
0.5M Trehalose in PBS,0.0,1.0,0.5,hiPSCs,,
0.5M Trehalose in PBS + 2.5% ethylene glycol,0.0,1.0,0.3,,,
0.5M Trehalose in PBS + 10% ethylene glycol,0.0,1.0,0.82,,,
0.5M Trehalose in PBS + 10% Glycerol,0.0,1.0,1.2,,,
0.5M Trehalose in PBS,0.0,1.0,0.18,It-NES ,,
0.5M Trehalose in PBS + 2.5% ethylene glycol,0.0,1.0,0.78,,,
0.5M Trehalose in PBS + 10% ethylene glycol,0.0,1.0,1.1,,,
0.5M Trehalose in PBS + 10% Glycerol,0.0,1.0,1.12,,,
0.5M ethylene glycol (EG) in Mesencult complete medium,0.0,1.0,0.65,DPSC,,
1M ethylene glycol (EG) in Mesencult complete medium,0.0,1.0,0.75,,,
1.5M ethylene glycol (EG) in Mesencult complete medium,0.0,1.0,0.77,,,
"o.5M propylene glycol in in Mesencult complete medium
(1,2 propane diol; PG)",0.0,1.0,0.43,,,
"1M propylene glycol in in Mesencult complete medium
",0.0,1.0,0.68,,,
"1.5M propylene glycol in in Mesencult complete medium
",0.0,1.0,0.67,,,
0.5M DMSO in Mesencult complete medium,0.1,1.0,0.74,,,
1M DMSO in Mesencult complete medium,0.1,1.0,0.9059999999999999,,,
1.5M DMSO in Mesencult complete medium,0.1,1.0,0.91,,,
PM-1( preadipocyte medium) + 10% DMSO,0.1,1.0,0.95,,,
"DMEM/Ham’s F-12( (1:1,; Dulbecco’s modified Eagle medium: Nutrient Mixture F-12) medium (serum free) + 10% DMSO, 0.1 mol/L maltose, and
1% sericin",0.1,1.0,0.95,,,
DMEM + 80% HS + 10% DMSO,0.1,1.1,0.825,,,
DMEM + 80% FCS + 10% DMSO,0.1,1.1,0.841,,,
DMEM ,0.0,1.1,0.253,,,
DMEM + 2% DMSO,0.02,1.1,0.838,,,
DMEM + 4% DMSO,0.04,1.1,0.8059999999999999,,,
DMEM + 6% DMSO,0.06,1.1,0.86,,,
DMEM + 8% DMSO,0.08,1.1,0.856,,,
DMEM + 10% DMSO,0.1,1.1,0.879,,,
DMEM + 1% MC,0.0,1.1,0.46799999999999997,,,
DMEM + 1% MC + 10% HS,0.0,1.1,0.4,,,
DMEM + 1% MC + 10% FCS,0.0,1.1,0.4,,,
DMEM + 1% MC + 10% DMSO,0.1,1.1,0.7979999999999999,,,
10% DMSO  in α-MEM,0.1,1.0,0.8270000000000001,,,
10% DMSO + 10% FBS in α-MEM,0.1,1.0,0.838,,,
10% DMSO + 90% FBS in α-MEM,0.1,1.0,0.902,,,
7.5% DMSO + 2.5% PEG in α-MEM,0.075,1.0,0.72,,,
7.5% DMSO + 2.5% PEG + 2% BSA in α-MEM,0.075,1.0,0.8290000000000001,,,
5% DMSO + 5% PEG in α-MEM,0.05,1.0,0.7,,,
5% DMSO + 5% PEG + 2% BSA  in α-MEM,0.05,1.0,0.8,,,
5% DMSO + 2% PEG + 3% trehalose  in α-MEM,0.05,1.0,0.56,,,
5% DMSO + 2% PEG + 3% trehalose + 2% BSA in α-MEM,0.05,1.0,0.65,,,
2.5% DMSO + 7.5% PEG  in α-MEM,0.025,1.0,0.32,,,
2.5% DMSO + 7.5% PEG + 2% BSA  in α-MEM,0.025,1.0,0.38,,,
"10% 1,2-propanediol + 2% BSA  in α-MEM",0.0,1.0,0.68,,,
"7.5% 1,2-propanediol + 2.5% PEG + 2% BSA in α-MEM",0.0,1.0,0.73,,,
"Sucrose 150 mM, Glycerol 342mM, Creatine 12.5 mM (SGC)",0.0,10.0,0.6,,,
"Glucose 150 mM, Glycerol 342mM, Creatine 12.5 mM (GGC)",0.0,10.0,0.4,,,
"Sucrose 150 mM, Glycerol 684 mM, Creatine 25 mM (SGC-A)",0.0,10.0,0.7,,,
"Sucrose 300 mM, Glycerol 684 mM, Creatine 12.5 mM (SGC-B)",0.0,10.0,0.0,,,
DMSO 10% in DMEM (control),0.1,1.0,0.25,,,
10% DMSO + 2%FBS (control),0.1,,0.65,,,
5% DMSO + 2%FBS,0.05,,0.63,,,
3% DMSO + 2%FBS,0.03,,0.67,,,
5% DMSO + 0.1% HMW-HA + 2%FBS,0.05,,0.75,,,
5% DMSO + 0.2% HMW-HA + 2%FBS,0.05,,0.7,,,
3% DMSO + 0.1% HMW-HA + 2%FBS,0.03,,0.7,,,
3% DMSO + 0.2% HMW-HA + FBS,0.03,,0.78,,,
PBS + 0.1% methylcellulose + 1% proline + 1% ectoin,0.0,1.0,0.68,,,
PBS + 0.1% methylcellulose + 1% proline + 1% ectoin,0.0,5.0,0.76,,,
PBS + 0.1% methylcellulose + 1% proline + 1% ectoin,0.0,10.0,0.66,,,
PBS + 0.1% methylcellulose + 1% proline + 10% ectoin,0.0,1.0,0.62,,,
PBS + 0.1% methylcellulose + 1% proline + 10% ectoin,0.0,5.0,0.81,,,
PBS + 0.1% methylcellulose + 1% proline + 10% ectoin,0.0,10.0,0.66,,,
PBS + 0.1% methylcellulose + 5% proline + 5% ectoin,0.0,1.0,0.65,,,
PBS + 0.1% methylcellulose + 5% proline + 5% ectoin,0.0,5.0,0.86,,,
PBS + 0.1% methylcellulose + 5% proline + 5% ectoin,0.0,10.0,0.84,,,
PBS + 0.1% methylcellulose + 10% proline + 1% ectoin,0.0,1.0,0.58,,,
PBS + 0.1% methylcellulose + 10% proline + 1% ectoin,0.0,5.0,0.67,,,
PBS + 0.1% methylcellulose + 10% proline + 1% ectoin,0.0,10.0,0.7,,,
PBS + 0.1% methylcellulose + 10% proline + 10% ectoin,0.0,1.0,0.68,,,
PBS + 0.1% methylcellulose + 10% proline + 10% ectoin,0.0,5.0,0.72,,,
PBS + 0.1% methylcellulose + 10% proline + 10% ectoin,0.0,10.0,0.72,,,
PBS + 0.1% methylcellulose + 10% DMSO (positive control),0.1,10.0,0.91,,,
PBS + 0.1% methylcellulose (negative control),0.0,10.0,0.38,,,
Medium 199 + 10% FCS + 5% Me2SO,0.05,1.0,0.61,,,
Medium 199 + 10% FCS + 5% Me2SO,0.05,1.0,0.73,,,
Medium 199 + 10% FCS + 10% Me2SO,0.1,1.0,0.79,,,
Medium 199 + 10% FCS + 10% Me2SO,0.1,1.0,0.82,,,
Medium 199 + 10% FCS + 10% Me2SO,0.1,1.0,0.87,,,
Medium 199 + 10% FCS + 10% Me2SO,0.1,1.0,0.88,,,
Medium 199 + 10% FCS + 10% Me2SO,0.1,200.0,0.06,,,
Medium 199 + 10% FCS + 10% Me2SO,0.1,200.0,0.03,,,
 Plasmalyte A + Sucrose + Glycerol + Isoleucine,0.0,10.0,0.8290000000000001,,,
 Plasmalyte A + Sucrose + Glycerol + Isoleucine,0.0,,0.8290000000000001,,,
 Plasmalyte A + 5–10% DMSO + 1–6% HSA or 20–30% FBS or 30% hPL,,1.0,0.898,,,
E8 medium + 50% KnockOut Serum Replacement + 10% DMSO + 10 μM ROCK Inhibitor,0.1,1.0,0.8,,,
E8 medium + 50% KnockOut Serum Replacement + 10% DMSO + 10 μM ROCK Inhibitor,0.1,1.0,0.8,,,
E8 medium + 50% KnockOut Serum Replacement + 5% DMSO + 10 μM ROCK Inhibitor,0.05,1.0,0.75,,,
E8 medium + 50% KnockOut Serum Replacement + 5% DMSO + 10 μM ROCK Inhibitor,0.05,2.0,0.87,,,
E8 medium + 50% KnockOut Serum Replacement + 5% DMSO + 10 μM ROCK Inhibitor,0.05,2.0,0.69,,,
E8 medium + 50% KnockOut Serum Replacement + 5% DMSO + 10 μM ROCK Inhibitor,0.05,,0.6,,,
90% FBS and 10% DMSO,0.1,1.0,0.9840000000000001,,,
90% FBS and 10% DMSO,0.1,1.0,0.9279999999999999,,,
90% FBS and 10% DMSO,0.1,1.0,0.958,,,
90% FBS and 10% DMSO,0.1,1.0,0.976,,,
,0.1,1.0,0.55,,,
FBS + 10% DMSO,0.1,1.0,0.5,,,
FBS + 10% DMSO,0.1,1.0,0.35,,,
HPL + 10% DMSO,0.1,1.0,0.3,,,
HPL + 10% DMSO,0.1,1.0,0.25,,,
CryoStor,,1.0,0.2,,,
FCS + 10% DMSO,0.1,1.0,0.397,,,
FCS + 10% DMSO,0.1,1.0,0.457,,,
FCS + 10% DMSO,0.1,1.0,0.402,,,
FCS + 10% DMSO,0.1,1.0,0.485,,,
Culture medium + 10% DMSO,0.1,1.0,0.273,,,
Culture medium + 10% DMSO,0.1,1.0,0.595,,,
StemCell Keep,0.0,,0.033,,,
StemCell Keep,0.0,,0.0,,,
5% DMSO + plasma replacement fluid,0.05,,0.8,,,
5% DMSO + plasma replacement fluid,0.05,,0.8,,,
5% DMSO + plasma replacement fluid,0.05,,0.8,,,
Not specified (fresh HSCs),0.0,,0.8,,,
Not specified (fresh HSCs),0.0,,0.8,,,
Not specified (fresh HSCs),0.0,,0.8,,,
5% trehalose + 2.5% dextran in DMEM,0.0,,1.0,,,
5% trehalose + 2.5% dextran in DMEM,0.0,,0.8,,,
10% DMSO + 90% FBS,0.1,,0.1,,,
"1M DMSO, 1M acetamide, 3M Propylene glycol in PBS",0.2,4.9,0.77,Use in cell culture and differentation media,Not used ,Not used 
"6.5M EG, 0.5M Sucrose in PBS",0.0,4.9,0.5,Use in cell culture and differentation media,Not used ,Not used 
"6.5M EG, 10% (wt) COOH-PLL, 0.5M Sucrose in PBS",0.0,4.9,0.95,Use in cell culture and differentation media,Not used ,Not used 
"1M DMSO, 1M acetamide, 3M Propylene glycol in PBS",0.2,10.8,0.85,Use in cell culture and differentation media,Not used ,Not used 
"6.5M EG, 0.5M Sucrose in PBS",0.0,10.8,0.95,Use in cell culture and differentation media,Not used ,Not used 
"6.5M EG, 10% (wt) COOH-PLL, 0.5M Sucrose in PBS",0.0,10.8,1.0,Use in cell culture and differentation media,Not used ,Not used 
"1M DMSO, 1M acetamide, 3M Propylene glycol in PBS",0.2,20.4,0.85,Use in cell culture and differentation media,Not used ,Not used 
"6.5M EG, 0.5M Sucrose in PBS",0.0,20.4,0.98,Use in cell culture and differentation media,Not used ,Not used 
"6.5M EG, 10% (wt) COOH-PLL, 0.5M Sucrose in PBS",0.0,20.4,1.0,Use in cell culture and differentation media,Not used ,Not used 
"1M DMSO, 1M acetamide, 3M Propylene glycol in PBS",0.2,34.5,0.85,Use in cell culture and differentation media,Not used ,Not used 
"6.5M EG, 0.5M Sucrose in PBS",0.0,34.5,0.98,Use in cell culture and differentation media,Not used ,Not used 
"6.5M EG, 10% (wt) COOH-PLL, 0.5M Sucrose in PBS",0.0,34.5,1.0,Use in cell culture and differentation media,Not used ,Not used 
"1M DMSO, 1M acetamide, 3M Propylene glycol in PBS",0.2,3900.0,0.85,Use in cell culture and differentation media,Not used ,Not used 
"6.5M EG, 0.5M Sucrose in PBS",0.0,3900.0,0.98,Use in cell culture and differentation media,Not used ,Not used 
"6.5M EG, 10% (wt) COOH-PLL, 0.5M Sucrose in PBS",0.0,3900.0,1.0,Use in cell culture and differentation media,Not used ,Not used 
"50 mM Sucrose in electroporation buffer (10mM K2HPO4, 10mM KH2PO4, 1mM MgCl2)",0.0,,0.05,Not used ,Not used ,Not used 
"100 mM Sucrose in electroporation buffer (10mM K2HPO4, 10mM KH2PO4, 1mM MgCl2)",0.0,,0.17,Not used ,Not used ,Not used 
"150 mM Sucrose in electroporation buffer (10mM K2HPO4, 10mM KH2PO4, 1mM MgCl2)",0.0,,0.6,Not used ,Not used ,Not used 
"400 mM Sucrose in electroporation buffer (10mM K2HPO4, 10mM KH2PO4, 1mM MgCl2)",0.0,,0.8,Not used ,Not used ,Not used 
"50 mM Trehalose in electroporation buffer (10mM K2HPO4, 10mM KH2PO4, 1mM MgCl2)",0.0,,0.03,Not used ,Not used ,Not used 
"100 mM Trehalose in electroporation buffer (10mM K2HPO4, 10mM KH2PO4, 1mM MgCl2)",0.0,,0.14,Not used ,Not used ,Not used 
"150 mM Trehalose in electroporation buffer (10mM K2HPO4, 10mM KH2PO4, 1mM MgCl2)",0.0,,0.62,Not used ,Not used ,Not used 
"400 mM Trehalose in electroporation buffer (10mM K2HPO4, 10mM KH2PO4, 1mM MgCl2)",0.0,,0.78,Not used ,Not used ,Not used 
"50 mM Raffinose in electroporation buffer (10mM K2HPO4, 10mM KH2PO4, 1mM MgCl2)",0.0,,0.07,Not used ,Not used ,Not used 
"100 mM Raffinose in electroporation buffer (10mM K2HPO4, 10mM KH2PO4, 1mM MgCl2)",0.0,,0.19,Not used ,Not used ,Not used 
"150 mM Raffinose in electroporation buffer (10mM K2HPO4, 10mM KH2PO4, 1mM MgCl2)",0.0,,0.75,Not used ,Not used ,Not used 
"400 mM RAffinose in electroporation buffer (10mM K2HPO4, 10mM KH2PO4, 1mM MgCl2)",0.0,,0.8,Not used ,Not used ,Not used 
Complete culture medium ((HUXUC-90011),0.0,,0.02,,,
Complete culture medium + 2% betaine ,0.0,,0.18,Not used ,Not used ,Not used 
Complete culture medium + 4% betaine ,0.0,,0.3,Not used ,Not used ,Not used 
Complete culture medium + 6% betaine ,0.0,,0.78,Not used ,Not used ,Not used 
Complete culture medium + 8% betaine ,0.0,,0.84,Not used ,Not used ,Not used 
Complete culture medium + 10% betaine ,0.0,,0.4,Not used ,Not used ,Not used 
Complete Minimum Essential Medium (MEM) + 10% DMSO,0.1,,0.74,Not used ,Not used ,Not used 
Complete Minimum Essential Medium (MEM) + 10% Glycerol,0.0,,0.62,Not used ,Not used ,Not used 
Complete Minimum Essential Medium (MEM) + 15% Glycerol,0.0,,0.7,Not used ,Not used ,Not used 
Complete Minimum Essential Medium (MEM) + 20% Glycerol,0.0,,0.58,Not used ,Not used ,Not used 
Complete DMEM + 10% DMSO,0.1,,0.76,Not used ,Not used ,Not used 
Complete DMEM + 10% Glycerol,0.0,,0.74,Not used ,Not used ,Not used 
Complete DMEM + 15% Glycerol,0.0,,0.78,Not used ,Not used ,Not used 
Complete DMEM + 20% Glycerol,0.0,,0.52,Not used ,Not used ,Not used 
Lactated Ringer Solution with 10% PEG,0.0,100.0,0.6,Not used ,Not used ,0.1
Lactated Ringer Solution with 10% PEG + 3% Trehalose ,0.0,100.0,0.82,Not used ,Not used ,0.1
Lactated Ringer Solution with 10% PEG + 3% Trehalose + 5% Dextran,0.0,100.0,0.94,Not used ,Not used ,0.1
0 mg/ml storage protein 2 + 4% DMSO in ⍺-MEM,0.04,,0.76,Not used ,Not used ,Not used 
0 mg/ml storage protein 2 + 4% DMSO in ⍺-MEM,0.04,,0.78,Not used ,Not used ,Not used 
0.1mg/ml storage protein 2 + 4% DMSO in ⍺-MEM,0.04,,0.82,Not used ,Not used ,Not used 
0.2 mg/ml storage protein 2 + 4% DMSO in ⍺-MEM,0.04,,0.85,Not used ,Not used ,Not used 
0.5 mg/ml storage protein 2 + 4% DMSO in ⍺-MEM,0.04,,0.9,Not used ,Not used ,Not used 
1 mg/ml storage protein 2 + 4% DMSO in ⍺-MEM,0.04,,0.94,Not used ,Not used ,Not used 
2 mg/ml storage protein 2 + 4% DMSO in ⍺-MEM,0.04,,0.95,Not used ,Not used ,Not used 
5 mg/ml storage protein 2 + 4% DMSO in ⍺-MEM,0.04,,0.97,Not used ,Not used ,Not used 
10 mg/ml storage protein 2 + 4% DMSO in ⍺-MEM,0.04,,0.98,Not used ,Not used ,Not used 
7.5% COOH-PLL (mol fraction 0) in DMEM,0.0,100.0,0.04,Not used ,Not used ,Not used 
7.5% COOH-PLL (mol fraction 0.1) in DMEM,0.0,100.0,0.2,Not used ,Not used ,Not used 
7.5% COOH-PLL (mol fraction 0.2) in DMEM,0.0,100.0,0.78,Not used ,Not used ,Not used 
7.5% COOH-PLL (mol fraction 0.46) in DMEM,0.0,100.0,0.86,Not used ,Not used ,Not used 
7.5% COOH-PLL (mol fraction 0.65) in DMEM,0.0,100.0,0.96,Not used ,Not used ,Not used 
7.5% COOH-PLL (mol fraction 0.76) in DMEM,0.0,100.0,0.92,Not used ,Not used ,Not used 
DMEM+20% FBS+10% DMSO,0.1,,0.91,,,
DMEM+0.5M trehalose,0.0,,0.99,,,
DMEM+ 10% DMSO ,0.0,,0.99,,,
DMEM+ 10% EG ,0.1,,0.83,,,
DMEM+0.5M trehalose+ 10% DMSO ,0.1,,0.99,,,
DMEM+0.5M trehalose + 10% EG,0.0,,0.87,,,
,0.0,,0.99,,,
90% autologous plasma+10% DMSO,0.1,1.0,0.9,,,
culture medium + 20% FBS + 10% DMSO,0.1,1.0,0.85,,,
culture medium + 20% FBS + 5% DMSO + 60 mM Trehalose,0.05,1.0,0.1,,,
culture medium + 20% FBS + 2.5% DMSO + 30 mM Trehalose,0.025,1.0,0.1,,,
culture medium + 20% FBS + 264 mM Trehalose,0.0,1.0,0.1,,,
culture medium + 5% DMSO + 20% FBS + 500 mM Trehalose,0.05,1.0,0.73,,,
culture medium + 7% DMSO + 5% HES + 2% BSA,0.07,1.0,0.45,,,
culture medium + 5% DMSO + 4% HES + 4% FBS,0.05,1.0,0.38,,,
culture medium + 10% DMSO + 12% HES + 8% FBS,0.1,1.0,0.8,,,
culture medium + 30 μM Caspase Inhibitor z-VAD-fmk + 10% DMSO + 20% FBS,0.1,1.0,0.79,,,
culture medium + 90% FBS + 10% DMSO,0.1,1.0,0.9,,,
"Human serum (HS), 10% DMSO, 20% hydroxychyl starch ",0.1,,0.6302,,,
0.1 M Sucrose + 10% DMSO + 20% FBS in L-15 media,0.1,,0.87,,,
0.1 M Sucrose + 10% DMSO + 20% FBS in L-15 media,0.1,,0.76,,,
0.1 M Sucrose + 10% DMSO + 20% FBS in L-15 media,0.1,1.0,0.7,,,
0.2 M Trehalose + 10% DMSO + 20% FBS in L-15 media,0.1,,0.82,,,
0.2 M Trehalose + 10% DMSO + 20% FBS in L-15 media,0.1,,0.75,,,
0.2 M Trehalose + 10% DMSO + 20% FBS in L-15 media,0.1,1.0,0.66,,,
HES + 5% DMSO + 4% HSA in L-15 media,0.05,,0.7,,,
HES + 5% DMSO + 4% HSA in L-15 media,0.05,,0.6,,,
HES + 5% DMSO + 4% HSA in L-15 media,0.05,1.0,0.55,,,
0.1 M Sucrose + 1.5 M EG + 20% FBS in L-15 media,0.0,,0.8,,,
0.1 M Sucrose + 1.5 M EG + 20% FBS in L-15 media,0.0,,0.71,,,
0.1 M Sucrose + 1.5 M EG + 20% FBS in L-15 media,0.0,1.0,0.65,,,
10% DMSO + 20% FBS in DMEM/F-12 media,0.1,,0.85,,,
10% DMSO + 20% FBS in DMEM/F-12 media,0.1,,0.78,,,
10% DMSO + 20% FBS in DMEM/F-12 media,0.1,1.0,0.67,,,
"hBMSCs - Equilibration: EFS20 (20% ethylene glycol + 20% Ficoll 70 + 0.5 M sucrose), EFS17.5, EFS15",,1875.0,0.93,,,
hBMSCs - Vitrification: EFS40 (40% ethylene glycol + 20% Ficoll 70 + 0.5 M sucrose),0.0,1875.0,0.93,,,
hBMSCs - Vitrification:  EFS35,0.0,1875.0,0.93,,,
hBMSCs - Vitrification:  EFS30,0.0,1875.0,0.93,,,
hESCs - Vitrification: EDS40,0.4,1875.0,0.8540000000000001,,,
hESCs - Vitrification:  EDS35,0.35,1875.0,0.8540000000000001,,,
hESCs - Vitrification: EDS30,0.3,1875.0,0.8540000000000001,,,
"Optimized DMSO-Free Solution (Solution A): Level-2 sucrose (40 mM), level-5 glycerol (5% v/v), level-1 isoleucine (7.5 mM), level-4 albumin (2%), P188 (non-micelle forming concentration), NEAA, HBSS with Ca²⁺, Mg²⁺, glucose",,1.0,1.0,,,
"Non-Optimized DMSO-Free Solution (Solution B): Level-3 sucrose (60 mM), level-4 glycerol (4% v/v), level-2 isoleucine (15 mM), level-5 albumin (2.5%), P188, NEAA, HBSS",,0.5,0.5,,,
"DMSO Control Solution (Solution C): 7.5% DMSO, HBSS",,,0.075,,,
" 10% FBS, 1% antibiotic, 89% α-MEM",0.0,1.0,0.0,,,
" 10% FBS, 5% DMSO, 1% antibiotic, 84% α-MEM",0.0,1.0,0.1,,,
"95% FBS, 5% DMSO",0.05,1.0,0.95,,,
 100% FBS,0.0,1.0,1.0,,,
"Fresh Group: No cryopreservation, stored at 4°C until infusion",0.0,,0.982,,,
"Cryo Group: Human serum albumin, Normasol-R, 20% DMSO (final concentration 10%)",0.1,,0.986,,,
"Equilibration Solution: 20% Ethylene Glycol (EG), 20% Fetal Bovine Serum (FBS), in DPBS",0.0,2500.0,0.843,,,
"Vitrification Solution: 40% Ethylene Glycol (EG), 18% Ficoll 70, 0.3 M Sucrose, 20% FBS, in DPBS",0.0,,0.843,,,
"6% Hydroxyethyl Starch (1:1 dilution with thawed bag), processed via Sepax-2 S100 SmartWash program",,,0.78,,,
"6% Hydroxyethyl Starch (1:1 dilution with thawed bag), processed via Sepax-2 S100 SmartWash program",,,0.84,,,
"10% Glycerol, 2:1 DMEM/HAM F12, 10% FBS, 4 mM L-glutamine, 50 μg/mL penicillin-streptomycin, 5 μg/mL insulin, 0.4 μg/mL hydrocortisone, 0.18 mM adenine, 8.1 μg/mL cholera toxin, 2 nM triiodothyronine, 10 ng/mL EGF",0.0,,0.606,,,
"CryoStor CS10 (10% DMSO, serum-free), 2:1 DMEM/HAM F12, 10% FBS, 4 mM L-glutamine, 50 μg/mL penicillin-streptomycin, 5 μg/mL insulin, 0.4 μg/mL hydrocortisone, 0.18 mM adenine, 8.1 μg/mL cholera toxin, 2 nM triiodothyronine, 10 ng/mL EGF",0.1,,0.799,,,
"95% FBS, 5% DMSO",0.05,,0.685,,,
"92.5% FBS, 7.5% DMSO",0.075,,0.695,,,
"90% FBS, 10% DMSO",0.1,,0.735,,,
"95% FBS, 5% DMSO + 0.2M sucrose",0.05,,0.7,,,
"92.5% FBS, 7.5% DMSO + 0.2M sucrose",0.075,,0.71,,,
"90% FBS, 10% DMSO + 0.2M sucrose",0.1,,0.731,,,
"95% FBS, 5% Ethylene Glycol",0.0,,0.696,,,
"92.5% FBS, 7.5% Ethylene Glycol",0.0,,0.72,,,
"90% FBS, 10% Ethylene Glycol",0.0,,0.738,,,
"95% FBS, 5% Ethylene Glycol + 0.2M sucrose",0.0,,0.682,,,
"92.5% FBS, 7.5% Ethylene Glycol + 0.2M sucrose",0.0,,0.73,,,
"90% FBS, 10% Ethylene Glycol + 0.2M sucrose",0.0,,0.749,,,
"95% FBS, 5% Glycerol",0.0,,0.424,,,
"92.5% FBS, 7.5% Glycerol",0.0,,0.476,,,
"90% FBS, 10% Glycerol",0.0,,0.521,,,
"95% FBS, 5% Glycerol + 0.2M sucrose",0.0,,0.503,,,
"92.5% FBS, 7.5% Glycerol + 0.2M sucrose",0.0,,0.553,,,
"90% FBS, 10% Glycerol+ 0.2M sucrose",0.0,,0.69,,,
"2% human serum (HS), 10% DMSO, CSSC medium (DMEM low glucose + MCDB-201 mixture, supplemented with 2% HS, EGF, PDGF-BB, ITS, ascorbic acid-2-phosphate, dexamethasone, penicillin-streptomycin, gentamicin)",0.1,1.0,0.88,,,
"4% human serum (HS)+10% DMSO, CSSC medium (same composition as above)",0.1,1.0,0.927,,,
90% human serum (HS)+10% DMSO,0.1,1.0,0.9,,,
"10%DMSO+10% Dulbecco’s modified Eagle’s medium/F12 Ham’s, 80% FBS",0.1,,0.811,,,
